{"cameraMode":{"drawMode":0,"name":"Shaded","section":"Shading Mode"},"sceneLighting":true,"audioPlay":false,"sceneViewState":{"showFog":true,"showMaterialUpdate":false,"showSkybox":true,"showFlares":true,"showImageEffects":true,"showParticleSystems":true},"in2DMode":false,"pivot":{"x":1.1172220706939698,"y":1.8104262351989747,"z":-3.1179933547973635},"rotation":{"x":-0.43287959694862368,"y":0.26891055703163149,"z":-0.13704119622707368,"w":-0.8494256734848023},"size":3.803621530532837,"orthographic":false}