{"cameraMode":{"drawMode":0,"name":"Shaded","section":"Shading Mode"},"sceneLighting":true,"audioPlay":false,"sceneViewState":{"showFog":true,"showMaterialUpdate":false,"showSkybox":true,"showFlares":true,"showImageEffects":true,"showParticleSystems":true},"in2DMode":false,"pivot":{"x":0.9432273507118225,"y":2.160576343536377,"z":-2.7384917736053469},"rotation":{"x":-0.5747591853141785,"y":0.0004882568318862468,"z":-0.00034361419966444373,"w":-0.8183237314224243},"size":2.303621768951416,"orthographic":false}