{"cameraMode":{"drawMode":0,"name":"Shaded","section":"Shading Mode"},"sceneLighting":true,"audioPlay":false,"sceneViewState":{"showFog":true,"showMaterialUpdate":false,"showSkybox":true,"showFlares":true,"showImageEffects":true,"showParticleSystems":true},"in2DMode":false,"pivot":{"x":-1.4594306945800782,"y":-3.6377882957458498,"z":-4.793547630310059},"rotation":{"x":-0.18373069167137147,"y":-0.3159370720386505,"z":0.06250022351741791,"w":-0.928722620010376},"size":7.683487415313721,"orthographic":false}