{"cameraMode":{"drawMode":0,"name":"Shaded","section":"Shading Mode"},"sceneLighting":true,"audioPlay":false,"sceneViewState":{"showFog":true,"showMaterialUpdate":false,"showSkybox":true,"showFlares":true,"showImageEffects":true,"showParticleSystems":true},"in2DMode":false,"pivot":{"x":-0.1801588535308838,"y":0.6253771185874939,"z":5.060054302215576},"rotation":{"x":0.1671862006187439,"y":-0.6268373727798462,"z":0.1401062160730362,"w":0.7479957938194275},"size":8.25269889831543,"orthographic":true}