{"cameraMode":{"drawMode":0,"name":"Shaded","section":"Shading Mode"},"sceneLighting":true,"audioPlay":false,"sceneViewState":{"showFog":true,"showMaterialUpdate":false,"showSkybox":true,"showFlares":true,"showImageEffects":true,"showParticleSystems":true},"in2DMode":false,"pivot":{"x":-0.3157331943511963,"y":0.5619749426841736,"z":4.167304515838623},"rotation":{"x":0.1671862006187439,"y":-0.6268373727798462,"z":0.1401062160730362,"w":0.7479957938194275},"size":6.432114601135254,"orthographic":true}