{"cameraMode":{"drawMode":0,"name":"Shaded","section":"Shading Mode"},"sceneLighting":true,"audioPlay":false,"sceneViewState":{"showFog":true,"showMaterialUpdate":false,"showSkybox":true,"showFlares":true,"showImageEffects":true,"showParticleSystems":true},"in2DMode":false,"pivot":{"x":0.7400373816490173,"y":-1.3429231643676758,"z":-0.8896281123161316},"rotation":{"x":0.4867119789123535,"y":-0.5128105282783508,"z":0.4843886196613312,"w":0.5152812600135803},"size":10.308091163635254,"orthographic":true}