{"cameraMode":{"drawMode":0,"name":"Shaded","section":"Shading Mode"},"sceneLighting":true,"audioPlay":false,"sceneViewState":{"showFog":true,"showMaterialUpdate":false,"showSkybox":true,"showFlares":true,"showImageEffects":true,"showParticleSystems":true},"in2DMode":false,"pivot":{"x":0.4262745976448059,"y":0.7162474393844605,"z":0.757480800151825},"rotation":{"x":0.4475625455379486,"y":-0.08827737718820572,"z":0.04445500671863556,"w":0.8887777328491211},"size":1.9239075183868409,"orthographic":true}