{"cameraMode":{"drawMode":0,"name":"Shaded","section":"Shading Mode"},"sceneLighting":true,"audioPlay":false,"sceneViewState":{"showFog":true,"showMaterialUpdate":false,"showSkybox":true,"showFlares":true,"showImageEffects":true,"showParticleSystems":true},"in2DMode":false,"pivot":{"x":0.12807202339172364,"y":-0.1242227554321289,"z":2.555760622024536},"rotation":{"x":0.27025797963142397,"y":-0.663723886013031,"z":0.28100934624671938,"w":0.6383313536643982},"size":3.6600828170776369,"orthographic":true}