{"cameraMode":{"drawMode":0,"name":"Shaded","section":"Shading Mode"},"sceneLighting":true,"audioPlay":false,"sceneViewState":{"showFog":true,"showMaterialUpdate":false,"showSkybox":true,"showFlares":true,"showImageEffects":true,"showParticleSystems":true},"in2DMode":false,"pivot":{"x":1.7912654876708985,"y":-1.2589387893676758,"z":0.9724792838096619},"rotation":{"x":0.4867119789123535,"y":-0.5128105282783508,"z":0.4843886196613312,"w":0.5152812600135803},"size":5.8758158683776859,"orthographic":true}