{"cameraMode":{"drawMode":0,"name":"Shaded","section":"Shading Mode"},"sceneLighting":true,"audioPlay":false,"sceneViewState":{"showFog":true,"showMaterialUpdate":false,"showSkybox":true,"showFlares":true,"showImageEffects":true,"showParticleSystems":true},"in2DMode":false,"pivot":{"x":1.564619779586792,"y":1.604200839996338,"z":1.2270926237106324},"rotation":{"x":0.2446797639131546,"y":-0.41425469517707827,"z":0.1166582852602005,"w":0.868863046169281},"size":5.493296146392822,"orthographic":true}