{"cameraMode":{"drawMode":0,"name":"Shaded","section":"Shading Mode"},"sceneLighting":true,"audioPlay":false,"sceneViewState":{"showFog":true,"showMaterialUpdate":false,"showSkybox":true,"showFlares":true,"showImageEffects":true,"showParticleSystems":true},"in2DMode":false,"pivot":{"x":0.40254998207092287,"y":0.0,"z":-3.8450000286102297},"rotation":{"x":0.4867119789123535,"y":-0.5128105282783508,"z":0.4843886196613312,"w":0.5152812600135803},"size":5.268500328063965,"orthographic":true}