{"cameraMode":{"drawMode":0,"name":"Shaded","section":"Shading Mode"},"sceneLighting":true,"audioPlay":false,"sceneViewState":{"showFog":true,"showMaterialUpdate":false,"showSkybox":true,"showFlares":true,"showImageEffects":true,"showParticleSystems":true},"in2DMode":false,"pivot":{"x":1.5089783668518067,"y":0.8915565013885498,"z":6.514536380767822},"rotation":{"x":0.4513776898384094,"y":-0.5179300904273987,"z":0.3759658634662628,"w":0.6218175888061523},"size":7.378276824951172,"orthographic":true}