{"cameraMode":{"drawMode":0,"name":"Shaded","section":"Shading Mode"},"sceneLighting":true,"audioPlay":false,"sceneViewState":{"showFog":true,"showMaterialUpdate":false,"showSkybox":true,"showFlares":true,"showImageEffects":true,"showParticleSystems":true},"in2DMode":false,"pivot":{"x":0.7130429744720459,"y":-0.49861717224121096,"z":2.3055419921875},"rotation":{"x":0.522944986820221,"y":-0.47556477785110476,"z":0.5267257690429688,"w":0.47215113043785097},"size":6.77798318862915,"orthographic":true}