{"cameraMode":{"drawMode":0,"name":"Shaded","section":"Shading Mode"},"sceneLighting":true,"audioPlay":false,"sceneViewState":{"showFog":true,"showMaterialUpdate":false,"showSkybox":true,"showFlares":true,"showImageEffects":true,"showParticleSystems":true},"in2DMode":false,"pivot":{"x":0.1543930172920227,"y":-0.5570411682128906,"z":14.733464241027832},"rotation":{"x":0.4867119789123535,"y":-0.5128105282783508,"z":0.4843886196613312,"w":0.5152812600135803},"size":26.719120025634767,"orthographic":true}