{"cameraMode":{"drawMode":0,"name":"Shaded","section":"Shading Mode"},"sceneLighting":true,"audioPlay":false,"sceneViewState":{"showFog":true,"showMaterialUpdate":false,"showSkybox":true,"showFlares":true,"showImageEffects":true,"showParticleSystems":true},"in2DMode":false,"pivot":{"x":1.4088239669799805,"y":0.20649957656860352,"z":6.501230716705322},"rotation":{"x":0.522944986820221,"y":-0.47556477785110476,"z":0.5267257690429688,"w":0.47215113043785097},"size":6.692300796508789,"orthographic":true}