{"cameraMode":{"drawMode":0,"name":"Shaded","section":"Shading Mode"},"sceneLighting":true,"audioPlay":false,"sceneViewState":{"showFog":true,"showMaterialUpdate":false,"showSkybox":true,"showFlares":true,"showImageEffects":true,"showParticleSystems":true},"in2DMode":false,"pivot":{"x":-0.612375020980835,"y":0.0,"z":2.008150100708008},"rotation":{"x":0.4902529716491699,"y":-0.23568695783615113,"z":0.13964928686618806,"w":0.8274105191230774},"size":1.9149773120880128,"orthographic":true}